entidad,anio,Ins_total,Ins_Hombres,Ins_Mujeres,Total,Hombres,Mujeres,prct_Total,prct_Hombres,prct_Mujeres,entidad_etiqueta,fecha
Aguascalientes,2011,516332,225314,291018,764579,352016,412563,67.53,64.01,70.54,Aguascalientes,2011-01-01
Baja California,2011,1542158,759109,783049,2206528,1143615,1062913,69.89,66.38,73.67,Baja California,2011-01-01
Baja California Sur,2011,197367,86938,110429,453125,234364,218761,43.56,37.1,50.48,Baja California Sur,2011-01-01
Campeche,2011,357278,152177,205101,561712,266898,294814,63.61,57.02,69.57,Campeche,2011-01-01
Coahuila de Zaragoza,2011,1446756,670816,775940,1853555,917385,936170,78.05,73.12,82.88,Coahuila,2011-01-01
Colima,2011,306033,132592,173441,454938,214783,240155,67.27,61.73,72.22,Colima,2011-01-01
Chiapas,2011,1828178,811277,1016901,2941726,1399534,1542192,62.15,57.97,65.94,Chiapas,2011-01-01
Chihuahua,2011,2055551,961428,1094123,2388904,1135102,1253802,86.05,84.7,87.26,Chihuahua,2011-01-01
Ciudad de México,2011,5906718,2775005,3131713,6616535,3122179,3494356,89.27,88.88,89.62,Ciudad de México,2011-01-01
Durango,2011,850507,394028,456479,1057990,508385,549605,80.39,77.51,83.06,Durango,2011-01-01
Guanajuato,2011,2493296,1182335,1310961,3575351,1724450,1850901,69.74,68.56,70.83,Guanajuato,2011-01-01
Guerrero,2011,1674383,741641,932742,2041141,918713,1122428,82.03,80.73,83.1,Guerrero,2011-01-01
Hidalgo,2011,1231875,531942,699933,1730964,786188,944776,71.17,67.66,74.08,Hidalgo,2011-01-01
Jalisco,2011,3505993,1550873,1955120,4978924,2340097,2638827,70.42,66.27,74.09,Jalisco,2011-01-01
México,2011,9608570,4617438,4991132,10553146,5026998,5526148,91.05,91.85,90.32,Estado de México,2011-01-01
Michoacán de Ocampo,2011,1899387,796517,1102870,2852078,1318504,1533574,66.6,60.41,71.92,Michoacán,2011-01-01
Morelos,2011,995835,424423,571412,1205950,540603,665347,82.58,78.51,85.88,Morelos,2011-01-01
Nayarit,2011,529782,235506,294276,741213,358197,383016,71.48,65.75,76.83,Nayarit,2011-01-01
Nuevo León,2011,2930276,1389176,1541100,3286530,1592932,1693598,89.16,87.21,91.0,Nuevo León,2011-01-01
Oaxaca,2011,1625092,756845,868247,2412853,1143496,1269357,67.35,66.19,68.4,Oaxaca,2011-01-01
Puebla,2011,2763519,1228890,1534629,3650931,1690319,1960612,75.69,72.7,78.27,Puebla,2011-01-01
Querétaro,2011,652200,261719,390481,1215080,537409,677671,53.68,48.7,57.62,Querétaro,2011-01-01
Quintana Roo,2011,672882,322498,350384,930452,473393,457059,72.32,68.12,76.66,Quintana Roo,2011-01-01
San Luis Potosí,2011,1241753,590248,651505,1687339,822367,864972,73.59,71.77,75.32,San Luis Potosí,2011-01-01
Sinaloa,2011,1532302,711126,821176,1926834,930370,996464,79.52,76.43,82.41,Sinaloa,2011-01-01
Sonora,2011,1112528,525930,586598,1816418,927860,888558,61.25,56.68,66.02,Sonora,2011-01-01
Tabasco,2011,1213639,604827,608812,1417844,712084,705760,85.6,84.94,86.26,Tabasco,2011-01-01
Tamaulipas,2011,1900697,899882,1000815,2262286,1107401,1154885,84.02,81.26,86.66,Tamaulipas,2011-01-01
Tlaxcala,2011,488319,211948,276371,752234,347648,404586,64.92,60.97,68.31,Tlaxcala,2011-01-01
Veracruz de Ignacio de la Llave,2011,3654977,1635179,2019798,5142364,2424781,2717583,71.08,67.44,74.32,Veracruz,2011-01-01
Yucatán,2011,677082,268141,408941,1336818,641195,695623,50.65,41.82,58.79,Yucatán,2011-01-01
Zacatecas,2011,760609,335300,425309,964734,436521,528213,78.84,76.81,80.52,Zacatecas,2011-01-01
Aguascalientes,2012,449040,192582,256458,796927,373523,423404,56.35,51.56,60.57,Aguascalientes,2012-01-01
Baja California,2012,1561557,725864,835693,2247880,1102459,1145421,69.47,65.84,72.96,Baja California,2012-01-01
Baja California Sur,2012,179138,74751,104387,471807,223592,248215,37.97,33.43,42.06,Baja California Sur,2012-01-01
Campeche,2012,344305,141355,202950,570462,263768,306694,60.36,53.59,66.17,Campeche,2012-01-01
Coahuila de Zaragoza,2012,1519919,735361,784558,1861117,936764,924353,81.67,78.5,84.88,Coahuila,2012-01-01
Colima,2012,333483,146608,186875,474859,224434,250425,70.23,65.32,74.62,Colima,2012-01-01
Chiapas,2012,2070096,887708,1182388,3073631,1389015,1684616,67.35,63.91,70.19,Chiapas,2012-01-01
Chihuahua,2012,2026149,908584,1117565,2456361,1149025,1307336,82.49,79.07,85.48,Chihuahua,2012-01-01
Ciudad de México,2012,6098708,2852804,3245904,6708730,3185898,3522832,90.91,89.54,92.14,Ciudad de México,2012-01-01
Durango,2012,813503,339478,474025,1096889,485857,611032,74.16,69.87,77.58,Durango,2012-01-01
Guanajuato,2012,2350604,1063700,1286904,3613675,1669923,1943752,65.05,63.7,66.21,Guanajuato,2012-01-01
Guerrero,2012,1603303,668970,934333,2110375,905064,1205311,75.97,73.91,77.52,Guerrero,2012-01-01
Hidalgo,2012,1216094,500949,715145,1781728,750757,1030971,68.25,66.73,69.37,Hidalgo,2012-01-01
Jalisco,2012,3648805,1638975,2009830,5090250,2386071,2704179,71.68,68.69,74.32,Jalisco,2012-01-01
México,2012,9626405,4398927,5227478,10566163,4871993,5694170,91.11,90.29,91.8,Estado de México,2012-01-01
Michoacán de Ocampo,2012,2076832,935015,1141817,2916659,1340742,1575917,71.21,69.74,72.45,Michoacán,2012-01-01
Morelos,2012,1053468,476061,577407,1225772,570793,654979,85.94,83.4,88.16,Morelos,2012-01-01
Nayarit,2012,521278,221973,299305,748588,347251,401337,69.63,63.92,74.58,Nayarit,2012-01-01
Nuevo León,2012,2978117,1346038,1632079,3380441,1570954,1809487,88.1,85.68,90.2,Nuevo León,2012-01-01
Oaxaca,2012,1591950,657992,933958,2493575,1081012,1412563,63.84,60.87,66.12,Oaxaca,2012-01-01
Puebla,2012,2870115,1224970,1645145,3825671,1695251,2130420,75.02,72.26,77.22,Puebla,2012-01-01
Querétaro,2012,696693,275636,421057,1248297,553652,694645,55.81,49.79,60.61,Querétaro,2012-01-01
Quintana Roo,2012,709692,343912,365780,977366,494781,482585,72.61,69.51,75.8,Quintana Roo,2012-01-01
San Luis Potosí,2012,1167512,526895,640617,1723425,814796,908629,67.74,64.67,70.5,San Luis Potosí,2012-01-01
Sinaloa,2012,1564547,700162,864385,1927503,918712,1008791,81.17,76.21,85.69,Sinaloa,2012-01-01
Sonora,2012,1161225,526377,634848,1899033,960008,939025,61.15,54.83,67.61,Sonora,2012-01-01
Tabasco,2012,1274901,598463,676438,1474050,698731,775319,86.49,85.65,87.25,Tabasco,2012-01-01
Tamaulipas,2012,1905325,818797,1086528,2301357,1032594,1268763,82.79,79.3,85.64,Tamaulipas,2012-01-01
Tlaxcala,2012,531696,232754,298942,766593,360665,405928,69.36,64.53,73.64,Tlaxcala,2012-01-01
Veracruz de Ignacio de la Llave,2012,3921075,1737282,2183793,5206153,2372460,2833693,75.32,73.23,77.07,Veracruz,2012-01-01
Yucatán,2012,655316,242482,412834,1381319,629931,751388,47.44,38.49,54.94,Yucatán,2012-01-01
Zacatecas,2012,715708,299555,416153,988293,438910,549383,72.42,68.25,75.75,Zacatecas,2012-01-01
Aguascalientes,2013,515442,230007,285435,827499,397448,430051,62.29,57.87,66.37,Aguascalientes,2013-01-01
Baja California,2013,1648247,733114,915133,2275576,1076381,1199195,72.43,68.11,76.31,Baja California,2013-01-01
Baja California Sur,2013,199834,90198,109636,494923,251880,243043,40.38,35.81,45.11,Baja California Sur,2013-01-01
Campeche,2013,410041,184323,225718,606073,293258,312815,67.66,62.85,72.16,Campeche,2013-01-01
Coahuila de Zaragoza,2013,1576034,705729,870305,1954341,911817,1042524,80.64,77.4,83.48,Coahuila,2013-01-01
Colima,2013,347196,156886,190310,486244,233755,252489,71.4,67.12,75.37,Colima,2013-01-01
Chiapas,2013,2052756,893607,1159149,3123975,1437051,1686924,65.71,62.18,68.71,Chiapas,2013-01-01
Chihuahua,2013,1902204,893757,1008447,2495287,1207632,1287655,76.23,74.01,78.32,Chihuahua,2013-01-01
Ciudad de México,2013,5945606,2910454,3035152,6664266,3347618,3316648,89.22,86.94,91.51,Ciudad de México,2013-01-01
Durango,2013,783552,341533,442019,1123794,515602,608192,69.72,66.24,72.68,Durango,2013-01-01
Guanajuato,2013,2774360,1243691,1530669,3742878,1688421,2054457,74.12,73.66,74.5,Guanajuato,2013-01-01
Guerrero,2013,1746980,774697,972283,2139666,947512,1192154,81.65,81.76,81.56,Guerrero,2013-01-01
Hidalgo,2013,1251723,531737,719986,1841722,837153,1004569,67.96,63.52,71.67,Hidalgo,2013-01-01
Jalisco,2013,3939438,1774807,2164631,5216434,2470256,2746178,75.52,71.85,78.82,Jalisco,2013-01-01
México,2013,10246331,4839562,5406769,10943451,5136471,5806980,93.63,94.22,93.11,Estado de México,2013-01-01
Michoacán de Ocampo,2013,2057526,880644,1176882,2910364,1306582,1603782,70.7,67.4,73.38,Michoacán,2013-01-01
Morelos,2013,1096577,517140,579437,1249257,600331,648926,87.78,86.14,89.29,Morelos,2013-01-01
Nayarit,2013,445656,186419,259237,770633,362906,407727,57.83,51.37,63.58,Nayarit,2013-01-01
Nuevo León,2013,2883299,1345098,1538201,3482301,1658410,1823891,82.8,81.11,84.34,Nuevo León,2013-01-01
Oaxaca,2013,1734973,717731,1017242,2538774,1111723,1427051,68.34,64.56,71.28,Oaxaca,2013-01-01
Puebla,2013,3042827,1306062,1736765,3869810,1739371,2130439,78.63,75.09,81.52,Puebla,2013-01-01
Querétaro,2013,740944,311065,429879,1266266,578317,687949,58.51,53.79,62.49,Querétaro,2013-01-01
Quintana Roo,2013,766292,355079,411213,1009715,491569,518146,75.89,72.23,79.36,Quintana Roo,2013-01-01
San Luis Potosí,2013,1259921,559688,700233,1746166,815251,930915,72.15,68.65,75.22,San Luis Potosí,2013-01-01
Sinaloa,2013,1583370,724771,858599,1999213,971949,1027264,79.2,74.57,83.58,Sinaloa,2013-01-01
Sonora,2013,1177661,520700,656961,1910297,937153,973144,61.65,55.56,67.51,Sonora,2013-01-01
Tabasco,2013,1355491,657846,697645,1517936,755263,762673,89.3,87.1,91.47,Tabasco,2013-01-01
Tamaulipas,2013,1837809,826653,1011156,2349835,1074170,1275665,78.21,76.96,79.27,Tamaulipas,2013-01-01
Tlaxcala,2013,571628,254368,317260,797688,369278,428410,71.66,68.88,74.06,Tlaxcala,2013-01-01
Veracruz de Ignacio de la Llave,2013,4008424,1824019,2184405,5267140,2453117,2814023,76.1,74.36,77.63,Veracruz,2013-01-01
Yucatán,2013,754358,315594,438764,1421180,679282,741898,53.08,46.46,59.14,Yucatán,2013-01-01
Zacatecas,2013,757157,330237,426920,984386,440769,543617,76.92,74.92,78.53,Zacatecas,2013-01-01
Aguascalientes,2014,516865,239824,277041,830115,402466,427649,62.26,59.59,64.78,Aguascalientes,2014-01-01
Baja California,2014,1692583,780700,911883,2285025,1105378,1179647,74.07,70.63,77.3,Baja California,2014-01-01
Baja California Sur,2014,250209,108377,141832,497268,252757,244511,50.32,42.88,58.01,Baja California Sur,2014-01-01
Campeche,2014,411396,179751,231645,597703,283624,314079,68.83,63.38,73.75,Campeche,2014-01-01
Coahuila de Zaragoza,2014,1485271,660098,825173,1910550,887092,1023458,77.74,74.41,80.63,Coahuila,2014-01-01
Colima,2014,310031,128426,181605,490590,226482,264108,63.2,56.7,68.76,Colima,2014-01-01
Chiapas,2014,2119479,885916,1233563,3109939,1388039,1721900,68.15,63.83,71.64,Chiapas,2014-01-01
Chihuahua,2014,1801109,821089,980020,2368009,1130032,1237977,76.06,72.66,79.16,Chihuahua,2014-01-01
Ciudad de México,2014,5968163,2593291,3374872,6725007,3001287,3723720,88.75,86.41,90.63,Ciudad de México,2014-01-01
Durango,2014,830110,327030,503080,1126212,484262,641950,73.71,67.53,78.37,Durango,2014-01-01
Guanajuato,2014,2716639,1107294,1609345,3695098,1618155,2076943,73.52,68.43,77.49,Guanajuato,2014-01-01
Guerrero,2014,1682619,746980,935639,2177517,991508,1186009,77.27,75.34,78.89,Guerrero,2014-01-01
Hidalgo,2014,1301584,558713,742871,1883513,853000,1030513,69.1,65.5,72.09,Hidalgo,2014-01-01
Jalisco,2014,3804273,1588022,2216251,5192251,2349170,2843081,73.27,67.6,77.95,Jalisco,2014-01-01
México,2014,10513162,5180270,5332892,11184994,5479277,5705717,93.99,94.54,93.47,Estado de México,2014-01-01
Michoacán de Ocampo,2014,2131298,944262,1187036,2929255,1350756,1578499,72.76,69.91,75.2,Michoacán,2014-01-01
Morelos,2014,1161857,563965,597892,1310351,639790,670561,88.67,88.15,89.16,Morelos,2014-01-01
Nayarit,2014,442494,178305,264189,795462,360215,435247,55.63,49.5,60.7,Nayarit,2014-01-01
Nuevo León,2014,2797489,1338965,1458524,3461927,1712458,1749469,80.81,78.19,83.37,Nuevo León,2014-01-01
Oaxaca,2014,1959361,864322,1095039,2599628,1227507,1372121,75.37,70.41,79.81,Oaxaca,2014-01-01
Puebla,2014,3090770,1326340,1764430,3943835,1789580,2154255,78.37,74.11,81.9,Puebla,2014-01-01
Querétaro,2014,792943,343837,449106,1294794,604290,690504,61.24,56.9,65.04,Querétaro,2014-01-01
Quintana Roo,2014,780661,342339,438322,1006462,460849,545613,77.56,74.28,80.34,Quintana Roo,2014-01-01
San Luis Potosí,2014,1247921,537166,710755,1760397,782313,978084,70.89,68.66,72.67,San Luis Potosí,2014-01-01
Sinaloa,2014,1455336,601355,853981,1991590,919477,1072113,73.07,65.4,79.65,Sinaloa,2014-01-01
Sonora,2014,1234401,547617,686784,1919739,942512,977227,64.3,58.1,70.28,Sonora,2014-01-01
Tabasco,2014,1365603,611473,754130,1528812,698090,830722,89.32,87.59,90.78,Tabasco,2014-01-01
Tamaulipas,2014,1942495,867143,1075352,2370221,1078536,1291685,81.95,80.4,83.25,Tamaulipas,2014-01-01
Tlaxcala,2014,613118,258640,354478,818086,368563,449523,74.95,70.18,78.86,Tlaxcala,2014-01-01
Veracruz de Ignacio de la Llave,2014,4202948,1881929,2321019,5373638,2476221,2897417,78.21,76.0,80.11,Veracruz,2014-01-01
Yucatán,2014,777835,322847,454988,1434836,699287,735549,54.21,46.17,61.86,Yucatán,2014-01-01
Zacatecas,2014,737070,325485,411585,1001101,465562,535539,73.63,69.91,76.85,Zacatecas,2014-01-01
Aguascalientes,2015,499096,198054,301042,826776,369642,457134,60.37,53.58,65.85,Aguascalientes,2015-01-01
Baja California,2015,1754061,779423,974638,2324817,1113660,1211157,75.45,69.99,80.47,Baja California,2015-01-01
Baja California Sur,2015,339675,159233,180442,513401,257991,255410,66.16,61.72,70.65,Baja California Sur,2015-01-01
Campeche,2015,406968,180596,226372,609644,297734,311910,66.76,60.66,72.58,Campeche,2015-01-01
Coahuila de Zaragoza,2015,1499630,653970,845660,1931814,886923,1044891,77.63,73.73,80.93,Coahuila,2015-01-01
Colima,2015,306705,122887,183818,495710,230834,264876,61.87,53.24,69.4,Colima,2015-01-01
Chiapas,2015,2222071,958051,1264020,3171336,1441399,1729937,70.07,66.47,73.07,Chiapas,2015-01-01
Chihuahua,2015,1737312,804388,932924,2452925,1187767,1265158,70.83,67.72,73.74,Chihuahua,2015-01-01
Ciudad de México,2015,6353276,2912845,3440431,6885392,3180423,3704969,92.27,91.59,92.86,Ciudad de México,2015-01-01
Durango,2015,769052,331028,438024,1145726,527341,618385,67.12,62.77,70.83,Durango,2015-01-01
Guanajuato,2015,2832790,1219412,1613378,3683034,1680454,2002580,76.91,72.56,80.56,Guanajuato,2015-01-01
Guerrero,2015,1749775,763655,986120,2218531,992417,1226114,78.87,76.95,80.43,Guerrero,2015-01-01
Hidalgo,2015,1386231,630479,755752,1927642,929962,997680,71.91,67.8,75.75,Hidalgo,2015-01-01
Jalisco,2015,4051115,1771561,2279554,5261794,2455096,2806698,76.99,72.16,81.22,Jalisco,2015-01-01
México,2015,10612834,4901428,5711406,11458236,5386312,6071924,92.62,91.0,94.06,Estado de México,2015-01-01
Michoacán de Ocampo,2015,2094242,879134,1215108,3015726,1339805,1675921,69.44,65.62,72.5,Michoacán,2015-01-01
Morelos,2015,1174836,545736,629100,1319461,613809,705652,89.04,88.91,89.15,Morelos,2015-01-01
Nayarit,2015,448336,197822,250514,815389,406378,409011,54.98,48.68,61.25,Nayarit,2015-01-01
Nuevo León,2015,2904902,1334858,1570044,3519863,1705776,1814087,82.53,78.26,86.55,Nuevo León,2015-01-01
Oaxaca,2015,1922083,838616,1083467,2586646,1163266,1423380,74.31,72.09,76.12,Oaxaca,2015-01-01
Puebla,2015,3075333,1316024,1759309,3943603,1767889,2175714,77.98,74.44,80.86,Puebla,2015-01-01
Querétaro,2015,894912,378354,516558,1335421,614109,721312,67.01,61.61,71.61,Querétaro,2015-01-01
Quintana Roo,2015,796350,338395,457955,1034056,461174,572882,77.01,73.38,79.94,Quintana Roo,2015-01-01
San Luis Potosí,2015,1225598,530168,695430,1774437,817424,957013,69.07,64.86,72.67,San Luis Potosí,2015-01-01
Sinaloa,2015,1446082,583936,862146,2000620,911641,1088979,72.28,64.05,79.17,Sinaloa,2015-01-01
Sonora,2015,1328050,632946,695104,1973052,970656,1002396,67.31,65.21,69.34,Sonora,2015-01-01
Tabasco,2015,1407954,636633,771321,1558732,716488,842244,90.33,88.85,91.58,Tabasco,2015-01-01
Tamaulipas,2015,1875598,859830,1015768,2405118,1129458,1275660,77.98,76.13,79.63,Tamaulipas,2015-01-01
Tlaxcala,2015,623569,268198,355371,834657,381973,452684,74.71,70.21,78.5,Tlaxcala,2015-01-01
Veracruz de Ignacio de la Llave,2015,4115578,1864943,2250635,5472670,2585455,2887215,75.2,72.13,77.95,Veracruz,2015-01-01
Yucatán,2015,808122,338582,469540,1424466,679176,745290,56.73,49.85,63.0,Yucatán,2015-01-01
Zacatecas,2015,712744,319660,393084,992468,450966,541502,71.82,70.88,72.59,Zacatecas,2015-01-01
Aguascalientes,2016,547280,228294,318986,843788,392639,451149,64.86,58.14,70.71,Aguascalientes,2016-01-01
Baja California,2016,1811568,792800,1018768,2417854,1136484,1281370,74.92,69.76,79.51,Baja California,2016-01-01
Baja California Sur,2016,323026,153688,169338,539742,276036,263706,59.85,55.68,64.21,Baja California Sur,2016-01-01
Campeche,2016,432011,200739,231272,622864,309920,312944,69.36,64.77,73.9,Campeche,2016-01-01
Coahuila de Zaragoza,2016,1297033,592059,704974,1960866,955813,1005053,66.15,61.94,70.14,Coahuila,2016-01-01
Colima,2016,375282,161583,213699,505836,233167,272669,74.19,69.3,78.37,Colima,2016-01-01
Chiapas,2016,2253592,1038332,1215260,3207922,1536519,1671403,70.25,67.58,72.71,Chiapas,2016-01-01
Chihuahua,2016,1652202,792001,860201,2529903,1269818,1260085,65.31,62.37,68.27,Chihuahua,2016-01-01
Ciudad de México,2016,6110435,2775320,3335115,6805124,3100534,3704590,89.79,89.51,90.03,Ciudad de México,2016-01-01
Durango,2016,744146,335811,408335,1162319,556249,606070,64.02,60.37,67.37,Durango,2016-01-01
Guanajuato,2016,2965493,1339135,1626358,3859532,1743398,2116134,76.84,76.81,76.86,Guanajuato,2016-01-01
Guerrero,2016,1813678,824600,989078,2273493,1050310,1223183,79.77,78.51,80.86,Guerrero,2016-01-01
Hidalgo,2016,1377513,583837,793676,1931600,866185,1065415,71.31,67.4,74.49,Hidalgo,2016-01-01
Jalisco,2016,4038333,1832637,2205696,5370491,2571451,2799040,75.19,71.27,78.8,Jalisco,2016-01-01
México,2016,11085175,5251190,5833985,11698207,5517551,6180656,94.76,95.17,94.39,Estado de México,2016-01-01
Michoacán de Ocampo,2016,1933335,816695,1116640,3111957,1421393,1690564,62.13,57.46,66.05,Michoacán,2016-01-01
Morelos,2016,1159071,515949,643122,1344344,619263,725081,86.22,83.32,88.7,Morelos,2016-01-01
Nayarit,2016,409403,166346,243057,833547,400129,433418,49.12,41.57,56.08,Nayarit,2016-01-01
Nuevo León,2016,2966546,1334603,1631943,3579298,1675956,1903342,82.88,79.63,85.74,Nuevo León,2016-01-01
Oaxaca,2016,1959575,864827,1094748,2655574,1219152,1436422,73.79,70.94,76.21,Oaxaca,2016-01-01
Puebla,2016,3401238,1536063,1865175,4104708,1889880,2214828,82.86,81.28,84.21,Puebla,2016-01-01
Querétaro,2016,995392,446568,548824,1365684,648790,716894,72.89,68.83,76.56,Querétaro,2016-01-01
Quintana Roo,2016,838686,387634,451052,1094796,522071,572725,76.61,74.25,78.76,Quintana Roo,2016-01-01
San Luis Potosí,2016,1234933,519398,715535,1826071,817025,1009046,67.63,63.57,70.91,San Luis Potosí,2016-01-01
Sinaloa,2016,1396365,608021,788344,2030436,970835,1059601,68.77,62.63,74.4,Sinaloa,2016-01-01
Sonora,2016,1349250,577182,772068,1999857,934645,1065212,67.47,61.75,72.48,Sonora,2016-01-01
Tabasco,2016,1438811,661723,777088,1573096,734561,838535,91.46,90.08,92.67,Tabasco,2016-01-01
Tamaulipas,2016,2043287,919372,1123915,2446787,1137289,1309498,83.51,80.84,85.83,Tamaulipas,2016-01-01
Tlaxcala,2016,643955,273661,370294,853298,388649,464649,75.47,70.41,79.69,Tlaxcala,2016-01-01
Veracruz de Ignacio de la Llave,2016,4435851,1956522,2479329,5538448,2500999,3037449,80.09,78.23,81.63,Veracruz,2016-01-01
Yucatán,2016,866168,364565,501603,1469414,688706,780708,58.95,52.93,64.25,Yucatán,2016-01-01
Zacatecas,2016,730155,334407,395748,1008528,482650,525878,72.4,69.29,75.25,Zacatecas,2016-01-01
Aguascalientes,2017,575219,250279,324940,864324,411696,452628,66.55,60.79,71.79,Aguascalientes,2017-01-01
Baja California,2017,1813590,834382,979208,2440700,1213843,1226857,74.31,68.74,79.81,Baja California,2017-01-01
Baja California Sur,2017,381061,181230,199831,561125,284150,276975,67.91,63.78,72.15,Baja California Sur,2017-01-01
Campeche,2017,466983,202822,264161,637456,308469,328987,73.26,65.75,80.3,Campeche,2017-01-01
Coahuila de Zaragoza,2017,1312292,584543,727749,2039213,986179,1053034,64.35,59.27,69.11,Coahuila,2017-01-01
Colima,2017,383802,156416,227386,519563,236482,283081,73.87,66.14,80.33,Colima,2017-01-01
Chiapas,2017,2355538,1023740,1331798,3265247,1495750,1769497,72.14,68.44,75.26,Chiapas,2017-01-01
Chihuahua,2017,1800812,843766,957046,2545863,1259165,1286698,70.73,67.01,74.38,Chihuahua,2017-01-01
Ciudad de México,2017,6422880,2994819,3428061,6903830,3239022,3664808,93.03,92.46,93.54,Ciudad de México,2017-01-01
Durango,2017,753142,332882,420260,1178682,568708,609974,63.9,58.53,68.9,Durango,2017-01-01
Guanajuato,2017,3180319,1434312,1746007,3858134,1787377,2070757,82.43,80.25,84.32,Guanajuato,2017-01-01
Guerrero,2017,1837396,812490,1024906,2285293,1057907,1227386,80.4,76.8,83.5,Guerrero,2017-01-01
Hidalgo,2017,1424149,598986,825163,1960305,874588,1085717,72.65,68.49,76.0,Hidalgo,2017-01-01
Jalisco,2017,4102496,1891595,2210901,5519573,2633332,2886241,74.33,71.83,76.6,Jalisco,2017-01-01
México,2017,11302394,5253151,6049243,11939576,5623194,6316382,94.66,93.42,95.77,Estado de México,2017-01-01
Michoacán de Ocampo,2017,2120670,894780,1225890,3087072,1373771,1713301,68.7,65.13,71.55,Michoacán,2017-01-01
Morelos,2017,1188736,525439,663297,1360977,619019,741958,87.34,84.88,89.4,Morelos,2017-01-01
Nayarit,2017,453425,189383,264042,852214,402075,450139,53.21,47.1,58.66,Nayarit,2017-01-01
Nuevo León,2017,2829079,1272151,1556928,3625360,1718398,1906962,78.04,74.03,81.64,Nuevo León,2017-01-01
Oaxaca,2017,2011086,885557,1125529,2675674,1249987,1425687,75.16,70.85,78.95,Oaxaca,2017-01-01
Puebla,2017,3393380,1528170,1865210,4150833,1910204,2240629,81.75,80.0,83.24,Puebla,2017-01-01
Querétaro,2017,974866,423952,550914,1390035,643450,746585,70.13,65.89,73.79,Querétaro,2017-01-01
Quintana Roo,2017,874608,402266,472342,1125203,541328,583875,77.73,74.31,80.9,Quintana Roo,2017-01-01
San Luis Potosí,2017,1256245,513323,742922,1857886,842213,1015673,67.62,60.95,73.15,San Luis Potosí,2017-01-01
Sinaloa,2017,1525267,671206,854061,2091794,1003440,1088354,72.92,66.89,78.47,Sinaloa,2017-01-01
Sonora,2017,1450857,636408,814449,2033340,954311,1079029,71.35,66.69,75.48,Sonora,2017-01-01
Tabasco,2017,1504464,683470,820994,1626476,756144,870332,92.5,90.39,94.33,Tabasco,2017-01-01
Tamaulipas,2017,1933217,883212,1050005,2466039,1161378,1304661,78.39,76.05,80.48,Tamaulipas,2017-01-01
Tlaxcala,2017,673190,294815,378375,866087,402438,463649,77.73,73.26,81.61,Tlaxcala,2017-01-01
Veracruz de Ignacio de la Llave,2017,4572368,2024299,2548069,5607157,2562464,3044693,81.55,79.0,83.69,Veracruz,2017-01-01
Yucatán,2017,865837,362925,502912,1509142,710217,798925,57.37,51.1,62.95,Yucatán,2017-01-01
Zacatecas,2017,761194,350381,410813,1044230,498639,545591,72.9,70.27,75.3,Zacatecas,2017-01-01
Aguascalientes,2018,649996,277427,372569,882617,402551,480066,73.64,68.92,77.61,Aguascalientes,2018-01-01
Baja California,2018,2036222,913411,1122811,2492363,1196836,1295527,81.7,76.32,86.67,Baja California,2018-01-01
Baja California Sur,2018,379943,165522,214421,583025,284894,298131,65.17,58.1,71.92,Baja California Sur,2018-01-01
Campeche,2018,443564,200318,243246,639919,314092,325827,69.32,63.78,74.65,Campeche,2018-01-01
Coahuila de Zaragoza,2018,1316468,556002,760466,2045238,953075,1092163,64.37,58.34,69.63,Coahuila,2018-01-01
Colima,2018,409738,179723,230015,526858,249380,277478,77.77,72.07,82.89,Colima,2018-01-01
Chiapas,2018,2455104,1106950,1348154,3338948,1547187,1791761,73.53,71.55,75.24,Chiapas,2018-01-01
Chihuahua,2018,1882126,858902,1023224,2577485,1233789,1343696,73.02,69.61,76.15,Chihuahua,2018-01-01
Ciudad de México,2018,6424941,2933093,3491848,6875376,3149904,3725472,93.45,93.12,93.73,Ciudad de México,2018-01-01
Durango,2018,739810,326949,412861,1192020,566964,625056,62.06,57.67,66.05,Durango,2018-01-01
Guanajuato,2018,3247785,1444716,1803069,3906269,1786667,2119602,83.14,80.86,85.07,Guanajuato,2018-01-01
Guerrero,2018,1916311,816461,1099850,2367550,1063927,1303623,80.94,76.74,84.37,Guerrero,2018-01-01
Hidalgo,2018,1491524,624248,867276,1989592,879736,1109856,74.97,70.96,78.14,Hidalgo,2018-01-01
Jalisco,2018,4280773,1910629,2370144,5665539,2664913,3000626,75.56,71.7,78.99,Jalisco,2018-01-01
México,2018,11431593,5352439,6079154,12214456,5740071,6474385,93.59,93.25,93.9,Estado de México,2018-01-01
Michoacán de Ocampo,2018,2143176,900807,1242369,3143294,1448935,1694359,68.18,62.17,73.32,Michoacán,2018-01-01
Morelos,2018,1207425,579740,627685,1390031,682967,707064,86.86,84.89,88.77,Morelos,2018-01-01
Nayarit,2018,628417,271630,356787,885909,417976,467933,70.93,64.99,76.25,Nayarit,2018-01-01
Nuevo León,2018,3053823,1432589,1621234,3748664,1820120,1928544,81.46,78.71,84.07,Nuevo León,2018-01-01
Oaxaca,2018,2061214,940947,1120267,2726606,1288267,1438339,75.6,73.04,77.89,Oaxaca,2018-01-01
Puebla,2018,3609969,1617369,1992600,4216698,1912365,2304333,85.61,84.57,86.47,Puebla,2018-01-01
Querétaro,2018,1029335,411566,617769,1418555,625592,792963,72.56,65.79,77.91,Querétaro,2018-01-01
Quintana Roo,2018,928044,436795,491249,1173123,580964,592159,79.11,75.18,82.96,Quintana Roo,2018-01-01
San Luis Potosí,2018,1447541,592792,854749,1891500,829793,1061707,76.53,71.44,80.51,San Luis Potosí,2018-01-01
Sinaloa,2018,1475601,640780,834821,2105408,1000631,1104777,70.09,64.04,75.56,Sinaloa,2018-01-01
Sonora,2018,1507632,649339,858293,2077428,959254,1118174,72.57,67.69,76.76,Sonora,2018-01-01
Tabasco,2018,1501825,685901,815924,1628394,760612,867782,92.23,90.18,94.02,Tabasco,2018-01-01
Tamaulipas,2018,1983695,861721,1121974,2517234,1151666,1365568,78.8,74.82,82.16,Tamaulipas,2018-01-01
Tlaxcala,2018,754326,332913,421413,902405,417019,485386,83.59,79.83,86.82,Tlaxcala,2018-01-01
Veracruz de Ignacio de la Llave,2018,4520490,2069097,2451393,5663341,2664787,2998554,79.82,77.65,81.75,Veracruz,2018-01-01
Yucatán,2018,878443,371391,507052,1542235,751224,791011,56.96,49.44,64.1,Yucatán,2018-01-01
Zacatecas,2018,792670,400728,391942,1054208,535944,518264,75.19,74.77,75.63,Zacatecas,2018-01-01
Aguascalientes,2019,621726,252295,369431,900134,408519,491615,69.07,61.76,75.15,Aguascalientes,2019-01-01
Baja California,2019,2062479,928232,1134247,2572292,1228409,1343883,80.18,75.56,84.4,Baja California,2019-01-01
Baja California Sur,2019,373300,179013,194287,598671,313123,285548,62.35,57.17,68.04,Baja California Sur,2019-01-01
Campeche,2019,470327,214262,256065,666845,334870,331975,70.53,63.98,77.13,Campeche,2019-01-01
Coahuila de Zaragoza,2019,1333371,563960,769411,2120634,1016645,1103989,62.88,55.47,69.69,Coahuila,2019-01-01
Colima,2019,426246,190063,236183,549222,264473,284749,77.61,71.86,82.94,Colima,2019-01-01
Chiapas,2019,2608709,1156847,1451862,3371367,1529972,1841395,77.38,75.61,78.85,Chiapas,2019-01-01
Chihuahua,2019,1906499,823609,1082890,2658297,1274571,1383726,71.72,64.62,78.26,Chihuahua,2019-01-01
Ciudad de México,2019,6524520,2975444,3549076,6929236,3169245,3759991,94.16,93.88,94.39,Ciudad de México,2019-01-01
Durango,2019,790670,335855,454815,1232357,584110,648247,64.16,57.5,70.16,Durango,2019-01-01
Guanajuato,2019,3500145,1532733,1967412,4052557,1852418,2200139,86.37,82.74,89.42,Guanajuato,2019-01-01
Guerrero,2019,1849210,820218,1028992,2391434,1091869,1299565,77.33,75.12,79.18,Guerrero,2019-01-01
Hidalgo,2019,1531130,655762,875368,2046253,937051,1109202,74.83,69.98,78.92,Hidalgo,2019-01-01
Jalisco,2019,4329642,1907798,2421844,5630901,2682288,2948613,76.89,71.13,82.14,Jalisco,2019-01-01
México,2019,11774184,5676194,6097990,12741383,6079697,6661686,92.41,93.36,91.54,Estado de México,2019-01-01
Michoacán de Ocampo,2019,2364438,1022581,1341857,3198824,1481614,1717210,73.92,69.02,78.14,Michoacán,2019-01-01
Morelos,2019,1247994,544062,703932,1421074,642573,778501,87.82,84.67,90.42,Morelos,2019-01-01
Nayarit,2019,541687,211392,330295,891394,422083,469311,60.77,50.08,70.38,Nayarit,2019-01-01
Nuevo León,2019,3119320,1431534,1687786,3860645,1877373,1983272,80.8,76.25,85.1,Nuevo León,2019-01-01
Oaxaca,2019,2002478,850071,1152407,2721492,1212728,1508764,73.58,70.1,76.38,Oaxaca,2019-01-01
Puebla,2019,3932902,1831326,2101576,4344596,2053241,2291355,90.52,89.19,91.72,Puebla,2019-01-01
Querétaro,2019,1070219,436082,634137,1469579,661248,808331,72.82,65.95,78.45,Querétaro,2019-01-01
Quintana Roo,2019,1022461,492554,529907,1215033,604924,610109,84.15,81.42,86.85,Quintana Roo,2019-01-01
San Luis Potosí,2019,1417571,600952,816619,1940211,889636,1050575,73.06,67.55,77.73,San Luis Potosí,2019-01-01
Sinaloa,2019,1424442,597085,827357,2118593,1008648,1109945,67.24,59.2,74.54,Sinaloa,2019-01-01
Sonora,2019,1527732,642912,884820,2152667,1055740,1096927,70.97,60.9,80.66,Sonora,2019-01-01
Tabasco,2019,1540182,699846,840336,1665534,770883,894651,92.47,90.78,93.93,Tabasco,2019-01-01
Tamaulipas,2019,1954677,851984,1102693,2586915,1200091,1386824,75.56,70.99,79.51,Tamaulipas,2019-01-01
Tlaxcala,2019,748776,326296,422480,907104,419298,487806,82.55,77.82,86.61,Tlaxcala,2019-01-01
Veracruz de Ignacio de la Llave,2019,4678461,2088360,2590101,5756308,2715529,3040779,81.28,76.9,85.18,Veracruz,2019-01-01
Yucatán,2019,913095,373329,539766,1595059,749662,845397,57.25,49.8,63.85,Yucatán,2019-01-01
Zacatecas,2019,790180,358347,431833,1072022,511787,560235,73.71,70.02,77.08,Zacatecas,2019-01-01
Aguascalientes,2020,230542,97366,133176,937605,438502,499103,24.59,22.2,26.68,Aguascalientes,2020-01-01
Baja California,2020,681228,284582,396646,2664093,1307717,1356376,25.57,21.76,29.24,Baja California,2020-01-01
Baja California Sur,2020,161797,59776,102021,630115,310519,319596,25.68,19.25,31.92,Baja California Sur,2020-01-01
Campeche,2020,169803,66268,103535,684742,326969,357773,24.8,20.27,28.94,Campeche,2020-01-01
Coahuila de Zaragoza,2020,460025,173402,286623,2185656,1030973,1154683,21.05,16.82,24.82,Coahuila,2020-01-01
Colima,2020,144550,56648,87902,563904,266183,297721,25.63,21.28,29.52,Colima,2020-01-01
Chiapas,2020,1028849,430065,598784,3558368,1688645,1869723,28.91,25.47,32.03,Chiapas,2020-01-01
Chihuahua,2020,845476,371391,474085,2735124,1318927,1416197,30.91,28.16,33.48,Chihuahua,2020-01-01
Ciudad de México,2020,1817706,819036,998670,6940093,3240041,3700052,26.19,25.28,26.99,Ciudad de México,2020-01-01
Durango,2020,286541,114504,172037,1264724,607203,657521,22.66,18.86,26.16,Durango,2020-01-01
Guanajuato,2020,1401075,603734,797341,4157421,1796822,2360599,33.7,33.6,33.78,Guanajuato,2020-01-01
Guerrero,2020,677415,300936,376479,2421097,1127063,1294034,27.98,26.7,29.09,Guerrero,2020-01-01
Hidalgo,2020,698026,277245,420781,2117077,943126,1173951,32.97,29.4,35.84,Hidalgo,2020-01-01
Jalisco,2020,1915102,793209,1121893,5834255,2686466,3147789,32.83,29.53,35.64,Jalisco,2020-01-01
México,2020,6421737,2777233,3644504,13033035,5766554,7266481,49.27,48.16,50.16,Estado de México,2020-01-01
Michoacán de Ocampo,2020,1036506,417091,619415,3243154,1498330,1744824,31.96,27.84,35.5,Michoacán,2020-01-01
Morelos,2020,432185,179545,252640,1482215,683891,798324,29.16,26.25,31.65,Morelos,2020-01-01
Nayarit,2020,266882,104619,162263,949869,428429,521440,28.1,24.42,31.12,Nayarit,2020-01-01
Nuevo León,2020,1361032,630313,730719,3987711,2005041,1982670,34.13,31.44,36.86,Nuevo León,2020-01-01
Oaxaca,2020,920242,366453,553789,2804007,1238665,1565342,32.82,29.58,35.38,Oaxaca,2020-01-01
Puebla,2020,1459841,644745,815096,4486566,2064273,2422293,32.54,31.23,33.65,Puebla,2020-01-01
Querétaro,2020,389041,164252,224789,1525654,685463,840191,25.5,23.96,26.75,Querétaro,2020-01-01
Quintana Roo,2020,374050,168030,206020,1280787,619562,661225,29.2,27.12,31.16,Quintana Roo,2020-01-01
San Luis Potosí,2020,660665,271466,389199,2027746,946285,1081461,32.58,28.69,35.99,San Luis Potosí,2020-01-01
Sinaloa,2020,660684,277348,383336,2198720,1038281,1160439,30.05,26.71,33.03,Sinaloa,2020-01-01
Sonora,2020,695054,334822,360232,2229710,1083516,1146194,31.17,30.9,31.43,Sonora,2020-01-01
Tabasco,2020,444826,190677,254149,1695920,790534,905386,26.23,24.12,28.07,Tabasco,2020-01-01
Tamaulipas,2020,954224,413084,541140,2683009,1288370,1394639,35.57,32.06,38.8,Tamaulipas,2020-01-01
Tlaxcala,2020,434786,175623,259163,946877,429398,517479,45.92,40.9,50.08,Tlaxcala,2020-01-01
Veracruz de Ignacio de la Llave,2020,1980520,825945,1154575,5940561,2813455,3127106,33.34,29.36,36.92,Veracruz,2020-01-01
Yucatán,2020,263353,79620,183733,1617846,741692,876154,16.28,10.73,20.97,Yucatán,2020-01-01
Zacatecas,2020,455309,203382,251927,1113476,526231,587245,40.89,38.65,42.9,Zacatecas,2020-01-01
Aguascalientes,2021,675104,257797,417307,988486,452435,536051,68.3,56.98,77.85,Aguascalientes,2021-01-01
Baja California,2021,2012945,900670,1112275,2720395,1324563,1395832,73.99,68.0,79.69,Baja California,2021-01-01
Baja California Sur,2021,286450,118308,168142,584037,294108,289929,49.05,40.23,57.99,Baja California Sur,2021-01-01
Campeche,2021,444185,192339,251846,658301,324265,334036,67.47,59.32,75.39,Campeche,2021-01-01
Coahuila de Zaragoza,2021,1326462,541083,785379,2242867,1057603,1185264,59.14,51.16,66.26,Coahuila,2021-01-01
Colima,2021,401385,176013,225372,534953,258687,276266,75.03,68.04,81.58,Colima,2021-01-01
Chiapas,2021,2505914,1008754,1497160,3564974,1580474,1984500,70.29,63.83,75.44,Chiapas,2021-01-01
Chihuahua,2021,1826005,762307,1063698,2624824,1194084,1430740,69.57,63.84,74.35,Chihuahua,2021-01-01
Ciudad de México,2021,6632343,3054937,3577406,7345443,3409288,3936155,90.29,89.61,90.89,Ciudad de México,2021-01-01
Durango,2021,748240,309336,438904,1274800,586709,688091,58.69,52.72,63.79,Durango,2021-01-01
Guanajuato,2021,3444698,1473253,1971445,4290982,1916272,2374710,80.28,76.88,83.02,Guanajuato,2021-01-01
Guerrero,2021,1786035,789386,996649,2362508,1104781,1257727,75.6,71.45,79.24,Guerrero,2021-01-01
Hidalgo,2021,1534338,628200,906138,2158739,967662,1191077,71.08,64.92,76.08,Hidalgo,2021-01-01
Jalisco,2021,4161478,1757938,2403540,5885983,2681516,3204467,70.7,65.56,75.01,Jalisco,2021-01-01
México,2021,11358883,5156821,6202062,12541667,5854537,6687130,90.57,88.08,92.75,Estado de México,2021-01-01
Michoacán de Ocampo,2021,2340424,995341,1345083,3311986,1521724,1790262,70.67,65.41,75.13,Michoacán,2021-01-01
Morelos,2021,1252089,567211,684878,1462657,688230,774427,85.6,82.42,88.44,Morelos,2021-01-01
Nayarit,2021,470133,171899,298234,847937,385048,462889,55.44,44.64,64.43,Nayarit,2021-01-01
Nuevo León,2021,3236595,1519844,1716751,4438988,2205201,2233787,72.91,68.92,76.85,Nuevo León,2021-01-01
Oaxaca,2021,2030556,901160,1129396,2841781,1360466,1481315,71.45,66.24,76.24,Oaxaca,2021-01-01
Puebla,2021,4026853,1769009,2257844,4569793,2042491,2527302,88.12,86.61,89.34,Puebla,2021-01-01
Querétaro,2021,1160476,479372,681104,1667907,740080,927827,69.58,64.77,73.41,Querétaro,2021-01-01
Quintana Roo,2021,1111934,512720,599214,1359622,661839,697783,81.78,77.47,85.87,Quintana Roo,2021-01-01
San Luis Potosí,2021,1433328,609456,823872,2015205,935722,1079483,71.13,65.13,76.32,San Luis Potosí,2021-01-01
Sinaloa,2021,1383439,603729,779710,2177364,1078160,1099204,63.54,56.0,70.93,Sinaloa,2021-01-01
Sonora,2021,1563282,684227,879055,2144605,1023346,1121259,72.89,66.86,78.4,Sonora,2021-01-01
Tabasco,2021,1503718,667465,836253,1685885,765926,919959,89.19,87.14,90.9,Tabasco,2021-01-01
Tamaulipas,2021,1673536,736786,936750,2497857,1186299,1311558,67.0,62.11,71.42,Tamaulipas,2021-01-01
Tlaxcala,2021,799400,362144,437256,951071,443344,507727,84.05,81.68,86.12,Tlaxcala,2021-01-01
Veracruz de Ignacio de la Llave,2021,4384083,1895326,2488757,5782300,2617539,3164761,75.82,72.41,78.64,Veracruz,2021-01-01
Yucatán,2021,852125,337424,514701,1686571,805487,881084,50.52,41.89,58.42,Yucatán,2021-01-01
Zacatecas,2021,811450,360692,450758,1100421,522604,577817,73.74,69.02,78.01,Zacatecas,2021-01-01
Aguascalientes,2022,714986,290776,424210,1018074,444115,573959,70.23,65.47,73.91,Aguascalientes,2022-01-01
Baja California,2022,2094366,918696,1175670,2748407,1303356,1445051,76.2,70.49,81.36,Baja California,2022-01-01
Baja California Sur,2022,273462,113198,160264,602924,300545,302379,45.36,37.66,53.0,Baja California Sur,2022-01-01
Campeche,2022,440075,184371,255704,673811,325770,348041,65.31,56.6,73.47,Campeche,2022-01-01
Coahuila de Zaragoza,2022,1267891,515871,752020,2296412,1106013,1190399,55.21,46.64,63.17,Coahuila,2022-01-01
Colima,2022,443679,198226,245453,547607,258421,289186,81.02,76.71,84.88,Colima,2022-01-01
Chiapas,2022,2574954,1065809,1509145,3600550,1597629,2002921,71.52,66.71,75.35,Chiapas,2022-01-01
Chihuahua,2022,1787750,758782,1028968,2661681,1265710,1395971,67.17,59.95,73.71,Chihuahua,2022-01-01
Ciudad de México,2022,6550567,3002711,3547856,7449123,3473873,3975250,87.94,86.44,89.25,Ciudad de México,2022-01-01
Durango,2022,700499,288588,411911,1264061,574944,689117,55.42,50.19,59.77,Durango,2022-01-01
Guanajuato,2022,3469531,1466381,2003150,4329408,1926422,2402986,80.14,76.12,83.36,Guanajuato,2022-01-01
Guerrero,2022,1693705,741561,952144,2358080,1058860,1299220,71.83,70.03,73.29,Guerrero,2022-01-01
Hidalgo,2022,1599770,679793,919977,2228105,1018758,1209347,71.8,66.73,76.07,Hidalgo,2022-01-01
Jalisco,2022,4141595,1806905,2334690,6014731,2809034,3205697,68.86,64.32,72.83,Jalisco,2022-01-01
México,2022,11737111,5437450,6299661,12705488,5930806,6774682,92.38,91.68,92.99,Estado de México,2022-01-01
Michoacán de Ocampo,2022,2325767,949524,1376243,3361549,1475947,1885602,69.19,64.33,72.99,Michoacán,2022-01-01
Morelos,2022,1258591,559530,699061,1449774,665811,783963,86.81,84.04,89.17,Morelos,2022-01-01
Nayarit,2022,439695,159807,279888,877405,400965,476440,50.11,39.86,58.75,Nayarit,2022-01-01
Nuevo León,2022,3442027,1587757,1854270,4443894,2191409,2252485,77.46,72.45,82.32,Nuevo León,2022-01-01
Oaxaca,2022,2015159,803317,1211842,2848793,1228201,1620592,70.74,65.41,74.78,Oaxaca,2022-01-01
Puebla,2022,3881527,1624982,2256545,4637341,2035235,2602106,83.7,79.84,86.72,Puebla,2022-01-01
Querétaro,2022,1183386,468623,714763,1731942,749158,982784,68.33,62.55,72.73,Querétaro,2022-01-01
Quintana Roo,2022,1088010,501365,586645,1367099,670643,696456,79.59,74.76,84.23,Quintana Roo,2022-01-01
San Luis Potosí,2022,1443090,640457,802633,1972259,916695,1055564,73.17,69.87,76.04,San Luis Potosí,2022-01-01
Sinaloa,2022,1310024,512837,797187,2180293,1020035,1160258,60.08,50.28,68.71,Sinaloa,2022-01-01
Sonora,2022,1466503,642992,823511,2109621,1034041,1075580,69.51,62.18,76.56,Sonora,2022-01-01
Tabasco,2022,1465171,669046,796125,1665465,787184,878281,87.97,84.99,90.65,Tabasco,2022-01-01
Tamaulipas,2022,1729877,758803,971074,2566924,1206232,1360692,67.39,62.91,71.37,Tamaulipas,2022-01-01
Tlaxcala,2022,805776,348736,457040,951310,435560,515750,84.7,80.07,88.62,Tlaxcala,2022-01-01
Veracruz de Ignacio de la Llave,2022,4353327,1763293,2590034,5861424,2640827,3220597,74.27,66.77,80.42,Veracruz,2022-01-01
Yucatán,2022,862173,346124,516049,1723421,851725,871696,50.03,40.64,59.2,Yucatán,2022-01-01
Zacatecas,2022,844098,378409,465689,1109388,497574,611814,76.09,76.05,76.12,Zacatecas,2022-01-01
Aguascalientes,2023,712676,291820,420856,1038647,476193,562454,68.62,61.28,74.82,Aguascalientes,2023-01-01
Baja California,2023,2017493,893489,1124004,2831393,1373445,1457948,71.25,65.05,77.09,Baja California,2023-01-01
Baja California Sur,2023,261286,102752,158534,626471,313218,313253,41.71,32.81,50.61,Baja California Sur,2023-01-01
Campeche,2023,463265,198016,265249,672393,323958,348435,68.9,61.12,76.13,Campeche,2023-01-01
Coahuila de Zaragoza,2023,1245748,492079,753669,2363714,1143611,1220103,52.7,43.03,61.77,Coahuila,2023-01-01
Colima,2023,434203,192256,241947,570842,275369,295473,76.06,69.82,81.88,Colima,2023-01-01
Chiapas,2023,2585130,1070821,1514309,3608699,1582435,2026264,71.64,67.67,74.73,Chiapas,2023-01-01
Chihuahua,2023,1863243,858149,1005094,2777971,1394974,1382997,67.07,61.52,72.68,Chihuahua,2023-01-01
Ciudad de México,2023,6372694,2917171,3455523,7583153,3569743,4013410,84.04,81.72,86.1,Ciudad de México,2023-01-01
Durango,2023,727481,290154,437327,1296987,589878,707109,56.09,49.19,61.85,Durango,2023-01-01
Guanajuato,2023,3498412,1403545,2094867,4369707,1880924,2488783,80.06,74.62,84.17,Guanajuato,2023-01-01
Guerrero,2023,1670283,684751,985532,2375156,1053774,1321382,70.32,64.98,74.58,Guerrero,2023-01-01
Hidalgo,2023,1619719,682924,936795,2285749,1040981,1244768,70.86,65.6,75.26,Hidalgo,2023-01-01
Jalisco,2023,4304152,1841178,2462974,6263986,2923118,3340868,68.71,62.99,73.72,Jalisco,2023-01-01
México,2023,11742191,5306285,6435906,13051507,5978161,7073346,89.97,88.76,90.99,Estado de México,2023-01-01
Michoacán de Ocampo,2023,2208713,898696,1310017,3423499,1574139,1849360,64.52,57.09,70.84,Michoacán,2023-01-01
Morelos,2023,1245257,555205,690052,1462846,684748,778098,85.13,81.08,88.68,Morelos,2023-01-01
Nayarit,2023,435383,168719,266664,901640,422927,478713,48.29,39.89,55.7,Nayarit,2023-01-01
Nuevo León,2023,3385216,1504344,1880872,4516485,2227866,2288619,74.95,67.52,82.18,Nuevo León,2023-01-01
Oaxaca,2023,1979352,808472,1170880,2926513,1289631,1636882,67.64,62.69,71.53,Oaxaca,2023-01-01
Puebla,2023,3852536,1602450,2250086,4633197,2028301,2604896,83.15,79.0,86.38,Puebla,2023-01-01
Querétaro,2023,1165117,479425,685692,1792229,837579,954650,65.01,57.24,71.83,Querétaro,2023-01-01
Quintana Roo,2023,1124522,540165,584357,1430519,727666,702853,78.61,74.23,83.14,Quintana Roo,2023-01-01
San Luis Potosí,2023,1450217,622405,827812,2036493,940004,1096489,71.21,66.21,75.5,San Luis Potosí,2023-01-01
Sinaloa,2023,1324236,506010,818226,2215018,1029784,1185234,59.78,49.14,69.03,Sinaloa,2023-01-01
Sonora,2023,1392770,574017,818753,2207720,1057130,1150590,63.09,54.3,71.16,Sonora,2023-01-01
Tabasco,2023,1509322,682975,826347,1738078,811425,926653,86.84,84.17,89.18,Tabasco,2023-01-01
Tamaulipas,2023,1679991,682282,997709,2621868,1197014,1424854,64.08,57.0,70.02,Tamaulipas,2023-01-01
Tlaxcala,2023,819840,331368,488472,1020798,452654,568144,80.31,73.21,85.98,Tlaxcala,2023-01-01
Veracruz de Ignacio de la Llave,2023,4201726,1652154,2549572,5987787,2634308,3353479,70.17,62.72,76.03,Veracruz,2023-01-01
Yucatán,2023,883220,343577,539643,1763074,852032,911042,50.1,40.32,59.23,Yucatán,2023-01-01
Zacatecas,2023,845380,380447,464933,1100963,511755,589208,76.79,74.34,78.91,Zacatecas,2023-01-01
Aguascalientes,2024,692161,287990,404171,1043454,472789,570665,66.33,60.91,70.82,Aguascalientes,2024-01-01
Baja California,2024,2074638,930191,1144447,2767916,1318211,1449705,74.95,70.56,78.94,Baja California,2024-01-01
Baja California Sur,2024,270446,101441,169005,645765,316059,329706,41.88,32.1,51.26,Baja California Sur,2024-01-01
Campeche,2024,423774,174842,248932,677240,320503,356737,62.57,54.55,69.78,Campeche,2024-01-01
Coahuila de Zaragoza,2024,1218761,475440,743321,2391437,1135514,1255923,50.96,41.87,59.19,Coahuila,2024-01-01
Colima,2024,394541,170321,224220,545238,257902,287336,72.36,66.04,78.03,Colima,2024-01-01
Chiapas,2024,2527388,1101404,1425984,3591017,1637332,1953685,70.38,67.27,72.99,Chiapas,2024-01-01
Chihuahua,2024,1900353,836967,1063386,2802072,1336327,1465745,67.82,62.63,72.55,Chihuahua,2024-01-01
Ciudad de México,2024,6295195,2783941,3511254,7612099,3491363,4120736,82.7,79.74,85.21,Ciudad de México,2024-01-01
Durango,2024,678742,280230,398512,1319933,627181,692752,51.42,44.68,57.53,Durango,2024-01-01
Guanajuato,2024,3371270,1399665,1971605,4473247,1942073,2531174,75.37,72.07,77.89,Guanajuato,2024-01-01
Guerrero,2024,1718716,668380,1050336,2460097,1051314,1408783,69.86,63.58,74.56,Guerrero,2024-01-01
Hidalgo,2024,1528286,594273,934013,2287861,995119,1292742,66.8,59.72,72.25,Hidalgo,2024-01-01
Jalisco,2024,4161463,1801624,2359839,6304279,2928894,3375385,66.01,61.51,69.91,Jalisco,2024-01-01
México,2024,11488929,5106616,6382313,13111692,5958703,7152989,87.62,85.7,89.23,Estado de México,2024-01-01
Michoacán de Ocampo,2024,2371544,989074,1382470,3449195,1572623,1876572,68.76,62.89,73.67,Michoacán,2024-01-01
Morelos,2024,1279453,552386,727067,1453641,649873,803768,88.02,85.0,90.46,Morelos,2024-01-01
Nayarit,2024,400607,152878,247729,887220,435145,452075,45.15,35.13,54.8,Nayarit,2024-01-01
Nuevo León,2024,3379891,1503295,1876596,4586708,2242654,2344054,73.69,67.03,80.06,Nuevo León,2024-01-01
Oaxaca,2024,1913051,782863,1130188,2975078,1344246,1630832,64.3,58.24,69.3,Oaxaca,2024-01-01
Puebla,2024,3645946,1516735,2129211,4608157,2004967,2603190,79.12,75.65,81.79,Puebla,2024-01-01
Querétaro,2024,1202427,463212,739215,1843470,805535,1037935,65.23,57.5,71.22,Querétaro,2024-01-01
Quintana Roo,2024,1097309,525872,571437,1438582,729363,709219,76.28,72.1,80.57,Quintana Roo,2024-01-01
San Luis Potosí,2024,1434845,581143,853702,2071053,951700,1119353,69.28,61.06,76.27,San Luis Potosí,2024-01-01
Sinaloa,2024,1306770,492649,814121,2261349,1010847,1250502,57.79,48.74,65.1,Sinaloa,2024-01-01
Sonora,2024,1434742,630860,803882,2187433,1082720,1104713,65.59,58.27,72.77,Sonora,2024-01-01
Tabasco,2024,1482354,652306,830048,1771236,813918,957318,83.69,80.14,86.71,Tabasco,2024-01-01
Tamaulipas,2024,1686563,675401,1011162,2626841,1197674,1429167,64.2,56.39,70.75,Tamaulipas,2024-01-01
Tlaxcala,2024,818529,338218,480311,1023363,445905,577458,79.98,75.85,83.18,Tlaxcala,2024-01-01
Veracruz de Ignacio de la Llave,2024,4031886,1740725,2291161,5950692,2790789,3159903,67.75,62.37,72.51,Veracruz,2024-01-01
Yucatán,2024,835613,308438,527175,1758758,833758,925000,47.51,36.99,56.99,Yucatán,2024-01-01
Zacatecas,2024,781299,330872,450427,1111477,496783,614694,70.29,66.6,73.28,Zacatecas,2024-01-01
